Workbook

Sheet production
A1: date | B1: hour | C1: employee_id | D1: table_id | E1: kit_id | F1: quantity_produced | G1: available_minutes | H1: productive_minutes | I1: actual_rate_kits_min | J1: reference_achievement_pct | K1: reference_capacity_kits_min | L1: reference_achievement_pct
A2: 46251 | B2: 0.33333333 | C2: F001 | D2: M01 | E2: K001 | F2: 210 | G2: 60 | H2: 54 | I2: =F2/H2 -> 3.8888889 | J2: =I2/4 -> 0.97222222 | K2: 4 | L2: =I2/K2 -> 0.97222222
A3: 46251 | B3: 0.33333333 | C3: F002 | D3: M01 | E3: K002 | F3: 195 | G3: 60 | H3: 55 | I3: =F3/H3 -> 3.5454545 | K3: 4 | L3: =I3/K3 -> 0.88636364
A4: 46251 | B4: 0.33333333 | C4: F003 | D4: M01 | E4: K001 | F4: 240 | G4: 60 | H4: 57 | I4: =F4/H4 -> 4.2105263 | K4: 5 | L4: =I4/K4 -> 0.84210526
A5: 46251 | B5: 0.33333333 | C5: F004 | D5: M01 | E5: K003 | F5: 225 | G5: 60 | H5: 54 | I5: =F5/H5 -> 4.1666667 | K5: 4.5 | L5: =I5/K5 -> 0.92592593
A6: 46251 | B6: 0.33333333 | C6: F005 | D6: M01 | E6: K001 | F6: 300 | G6: 60 | H6: 56 | I6: =F6/H6 -> 5.3571429 | K6: 6 | L6: =I6/K6 -> 0.89285714
A7: 46251 | B7: 0.33333333 | C7: F006 | D7: M02 | E7: K002 | F7: 205 | G7: 60 | H7: 55 | I7: =F7/H7 -> 3.7272727 | K7: 4 | L7: =I7/K7 -> 0.93181818
A8: 46251 | B8: 0.33333333 | C8: F007 | D8: M02 | E8: K001 | F8: 250 | G8: 60 | H8: 57 | I8: =F8/H8 -> 4.3859649 | K8: 5 | L8: =I8/K8 -> 0.87719298
A9: 46251 | B9: 0.33333333 | C9: F008 | D9: M02 | E9: K003 | F9: 215 | G9: 60 | H9: 53 | I9: =F9/H9 -> 4.0566038 | K9: 4 | L9: =I9/K9 -> 1.0141509
A10: 46251 | B10: 0.33333333 | C10: F009 | D10: M02 | E10: K001 | F10: 310 | G10: 60 | H10: 56 | I10: =F10/H10 -> 5.5357143 | K10: 6 | L10: =I10/K10 -> 0.92261905
A11: 46251 | B11: 0.33333333 | C11: F010 | D11: M02 | E11: K004 | F11: 230 | G11: 60 | H11: 54 | I11: =F11/H11 -> 4.2592593 | K11: 4.5 | L11: =I11/K11 -> 0.94650206
A12: 46251 | B12: 0.375 | C12: F001 | D12: M01 | E12: K003 | F12: 205 | G12: 60 | H12: 52 | I12: =F12/H12 -> 3.9423077 | K12: 4 | L12: =I12/K12 -> 0.98557692
A13: 46251 | B13: 0.375 | C13: F002 | D13: M01 | E13: K001 | F13: 220 | G13: 60 | H13: 54 | I13: =F13/H13 -> 4.0740741 | K13: 4 | L13: =I13/K13 -> 1.0185185
A14: 46251 | B14: 0.375 | C14: F003 | D14: M01 | E14: K002 | F14: 250 | G14: 60 | H14: 56 | I14: =F14/H14 -> 4.4642857 | K14: 5 | L14: =I14/K14 -> 0.89285714
... A21: 46251 | B21: 0.375 | C21: F010 | D21: M02 | E21: K001 | F21: 235 | G21: 60 | H21: 55 | I21: =F21/H21 -> 4.2727273 | K21: 4.5 | L21: =I21/K21 -> 0.94949495

Sheet dashboard
A1: SMARTFLOW — PAINEL OPERACIONAL
A3: Produção total | C3: Ritmo médio | E3: Funcionários analisados | G3: Funcionários normais | I3: Funcionários em atenção | K3: Funcionários em nível alto
A4: =metrics!B2 -> 4790 | C4: =AVERAGE(production!I2:I21) -> 4.3570017 | E4: =COUNTA(metrics!A12:A21) -> 10 | G4: =metrics!M12 -> 9 | I4: =metrics!M13 -> 1 | K4: =metrics!M14 -> 0
A7: ALERTA OPERACIONAL
A8: =IF(metrics!M14>0,"Há funcionários em nível alto de carga.",IF(metrics!M13>0,"Atenção: há funcionários que precisam ser observados.","Nenhum alerta de carga no momento.")) -> Atenção: há funcionários que precisam ser observados.
A10: EQUILÍBRIO DAS MESAS | C10: M01 | E10: M02
A11: =metrics!M17 -> EQUILIBRADO | C11: =metrics!B8 -> 0.49373695 | E11: =metrics!B9 -> 0.50626305

Sheet employees
A1: employee_id | B1: employee_name | C1: table_id | D1: reference_capacity_kits_min | E1: scheduled_hours
A2: F001 | B2: Funcionário 01 | C2: M01 | D2: 4 | E2: 8
A3: F002 | B3: Funcionário 02 | C3: M01 | D3: 4 | E3: 8
A4: F003 | B4: Funcionário 03 | C4: M01 | D4: 5 | E4: 8
A5: F004 | B5: Funcionário 04 | C5: M01 | D5: 4.5 | E5: 8
A6: F005 | B6: Funcionário 05 | C6: M01 | D6: 6 | E6: 8
A7: F006 | B7: Funcionário 06 | C7: M02 | D7: 4 | E7: 8
A8: F007 | B8: Funcionário 07 | C8: M02 | D8: 5 | E8: 8
A9: F008 | B9: Funcionário 08 | C9: M02 | D9: 4 | E9: 8
A10: F009 | B10: Funcionário 09 | C10: M02 | D10: 6 | E10: 8
A11: F010 | B11: Funcionário 10 | C11: M02 | D11: 4.5 | E11: 8

Sheet kit_types
A1: kit_id | B1: kit_name | C1: ketchup_units | D1: mayonnaise_units | E1: ketchup_weight_g | F1: mayonnaise_weight_g | G1: total_weight_g
A2: K001 | B2: Kit A | C2: 1 | D2: 1 | E2: 397 | F2: 397 | G2: 794
A3: K002 | B3: Kit B | C3: 2 | D3: 1 | E3: 794 | F3: 397 | G3: 1191
A4: K003 | B4: Kit C | C4: 1 | D4: 2 | E4: 397 | F4: 794 | G4: 1191
A5: K004 | B5: Kit D | C5: 2 | D5: 2 | E5: 794 | F5: 794 | G5: 1588

Sheet metrics
A1: metric | B1: value
A2: total_production | B2: =SUM(production!F2:F21) -> 4790
A3: average_production | B3: =AVERAGE(production!F2:F21) -> 239.5
A4: average_rate_kits_min | B4: =AVERAGE(production!I2:I21) -> 4.3570017
A5: average_productive_minutes | B5: =AVERAGE(production!H2:H21) -> 54.9
A6: production_table_M01 | B6: =SUMIF(production!D2:D21,"M01",production!F2:F21) -> 2365
A7: production_table_M02 | B7: =SUMIF(production!D2:D21,"M02",production!F2:F21) -> 2425
A8: table_balance_M01_pct | B8: =B6/B2 -> 0.49373695
A9: table_balance_M02_pct | B9: =B7/B2 -> 0.50626305
A11: employee_id | B11: total_production | C11: average_rate | D11: reference_rate | E11: achievement_pct | F11: load_index | G11: load_status | H11: productive_time | I11: workload_status | J11: time_ratio | L11: status | M11: quantity
A12: F001 | B12: =SUMIF(production!C2:C21,A12,production!F2:F21) -> 415 | C12: =AVERAGEIF(production!C2:C21,A12,production!I2:I21) -> 3.9155983 | D12: 4 | E12: =C12/D12 -> 0.97889957 | F12: =C12/D12 -> 0.97889957 | G12: =IF(F12>1.1,"ALTO",IF(F12>1,"ATENÇÃO","NORMAL")) -> NORMAL | H12: =SUMIF(production!C2:C21,A12,production!H2:H21) -> 106 | I12: =IF(AND(F12>1.1,J12>=1.1),"ALTO",IF(OR(F12>1,J12>=1.1),"ATENÇÃO","NORMAL")) -> NORMAL | J12: =H12/AVERAGE($H$12:$H$21) -> 0.96539162 | L12: NORMAL | M12: =COUNTIF(I12:I21,L12) -> 9
A13: F002 | B13: =SUMIF(production!C2:C21,A13,production!F2:F21) -> 415 | C13: =AVERAGEIF(production!C2:C21,A13,production!I2:I21) -> 3.8097643 | D13: 4 | E13: =C13/D13 -> 0.95244108 | F13: =C13/D13 -> 0.95244108 | G13: =IF(F13>1.1,"ALTO",IF(F13>1,"ATENÇÃO","NORMAL")) -> NORMAL | H13: =SUMIF(production!C2:C21,A13,production!H2:H21) -> 109 | I13: =IF(AND(F13>1.1,J13>=1.1),"ALTO",IF(OR(F13>1,J13>=1.1),"ATENÇÃO","NORMAL")) -> NORMAL | J13: =H13/AVERAGE($H$12:$H$21) -> 0.99271403 | L13: ATENÇÃO | M13: =COUNTIF(I12:I21,L13) -> 1
A14: F003 | B14: =SUMIF(production!C2:C21,A14,production!F2:F21) -> 490 | C14: =AVERAGEIF(production!C2:C21,A14,production!I2:I21) -> 4.337406 | D14: 5 | E14: =C14/D14 -> 0.8674812 | F14: =C14/D14 -> 0.8674812 | G14: =IF(F14>1.1,"ALTO",IF(F14>1,"ATENÇÃO","NORMAL")) -> NORMAL | H14: =SUMIF(production!C2:C21,A14,production!H2:H21) -> 113 | I14: =IF(AND(F14>1.1,J14>=1.1),"ALTO",IF(OR(F14>1,J14>=1.1),"ATENÇÃO","NORMAL")) -> NORMAL | J14: =H14/AVERAGE($H$12:$H$21) -> 1.0291439 | L14: ALTO | M14: =COUNTIF(I12:I21,L14) -> 0
A15: F004 | B15: =SUMIF(production!C2:C21,A15,production!F2:F21) -> 455 | C15: =AVERAGEIF(production!C2:C21,A15,production!I2:I21) -> 4.1742424 | D15: =45/10 -> 4.5 | E15: =C15/D15 -> 0.92760943 | F15: =C15/D15 -> 0.92760943 | G15: =IF(F15>1.1,"ALTO",IF(F15>1,"ATENÇÃO","NORMAL")) -> NORMAL | H15: =SUMIF(production!C2:C21,A15,production!H2:H21) -> 109 | I15: =IF(AND(F15>1.1,J15>=1.1),"ALTO",IF(OR(F15>1,J15>=1.1),"ATENÇÃO","NORMAL")) -> NORMAL | J15: =H15/AVERAGE($H$12:$H$21) -> 0.99271403
A16: F005 | B16: =SUMIF(production!C2:C21,A16,production!F2:F21) -> 590 | C16: =AVERAGEIF(production!C2:C21,A16,production!I2:I21) -> 5.3149351 | D16: 6 | E16: =C16/D16 -> 0.88582251 | F16: =C16/D16 -> 0.88582251 | G16: =IF(F16>1.1,"ALTO",IF(F16>1,"ATENÇÃO","NORMAL")) -> NORMAL | H16: =SUMIF(production!C2:C21,A16,production!H2:H21) -> 111 | I16: =IF(AND(F16>1.1,J16>=1.1),"ALTO",IF(OR(F16>1,J16>=1.1),"ATENÇÃO","NORMAL")) -> NORMAL | J16: =H16/AVERAGE($H$12:$H$21) -> 1.010929 | L16: table_balance_gap | M16: =ABS(B8-B9) -> 0.012526096
A17: F006 | B17: =SUMIF(production!C2:C21,A17,production!F2:F21) -> 415 | C17: =AVERAGEIF(production!C2:C21,A17,production!I2:I21) -> 3.8080808 | D17: 4 | E17: =C17/D17 -> 0.9520202 | F17: =C17/D17 -> 0.9520202 | G17: =IF(F17>1.1,"ALTO",IF(F17>1,"ATENÇÃO","NORMAL")) -> NORMAL | H17: =SUMIF(production!C2:C21,A17,production!H2:H21) -> 109 | I17: =IF(AND(F17>1.1,J17>=1.1),"ALTO",IF(OR(F17>1,J17>=1.1),"ATENÇÃO","NORMAL")) -> NORMAL | J17: =H17/AVERAGE($H$12:$H$21) -> 0.99271403 | L17: table_balance_status | M17: =IF(M16<=0.05,"EQUILIBRADO",IF(M16<=0.1,"ATENÇÃO","DESEQUILIBRADO")) -> EQUILIBRADO
A18: F007 | B18: =SUMIF(production!C2:C21,A18,production!F2:F21) -> 505 | C18: =AVERAGEIF(production!C2:C21,A18,production!I2:I21) -> 4.4298246 | D18: 5 | E18: =C18/D18 -> 0.88596491 | F18: =C18/D18 -> 0.88596491 | G18: =IF(F18>1.1,"ALTO",IF(F18>1,"ATENÇÃO","NORMAL")) -> NORMAL | H18: =SUMIF(production!C2:C21,A18,production!H2:H21) -> 114 | I18: =IF(AND(F18>1.1,J18>=1.1),"ALTO",IF(OR(F18>1,J18>=1.1),"ATENÇÃO","NORMAL")) -> NORMAL | J18: =H18/AVERAGE($H$12:$H$21) -> 1.0382514
A19: F008 | B19: =SUMIF(production!C2:C21,A19,production!F2:F21) -> 430 | C19: =AVERAGEIF(production!C2:C21,A19,production!I2:I21) -> 4.0190426 | D19: 4 | E19: =C19/D19 -> 1.0047607 | F19: =C19/D19 -> 1.0047607 | G19: =IF(F19>1.1,"ALTO",IF(F19>1,"ATENÇÃO","NORMAL")) -> ATENÇÃO | H19: =SUMIF(production!C2:C21,A19,production!H2:H21) -> 107 | I19: =IF(AND(F19>1.1,J19>=1.1),"ALTO",IF(OR(F19>1,J19>=1.1),"ATENÇÃO","NORMAL")) -> ATENÇÃO | J19: =H19/AVERAGE($H$12:$H$21) -> 0.97449909
A20: F009 | B20: =SUMIF(production!C2:C21,A20,production!F2:F21) -> 610 | C20: =AVERAGEIF(production!C2:C21,A20,production!I2:I21) -> 5.4951299 | D20: 6 | E20: =C20/D20 -> 0.91585498 | F20: =C20/D20 -> 0.91585498 | G20: =IF(F20>1.1,"ALTO",IF(F20>1,"ATENÇÃO","NORMAL")) -> NORMAL | H20: =SUMIF(production!C2:C21,A20,production!H2:H21) -> 111 | I20: =IF(AND(F20>1.1,J20>=1.1),"ALTO",IF(OR(F20>1,J20>=1.1),"ATENÇÃO","NORMAL")) -> NORMAL | J20: =H20/AVERAGE($H$12:$H$21) -> 1.010929
A21: F010 | B21: =SUMIF(production!C2:C21,A21,production!F2:F21) -> 465 | C21: =AVERAGEIF(production!C2:C21,A21,production!I2:I21) -> 4.2659933 | D21: =45/10 -> 4.5 | E21: =C21/D21 -> 0.9479985 | F21: =C21/D21 -> 0.9479985 | G21: =IF(F21>1.1,"ALTO",IF(F21>1,"ATENÇÃO","NORMAL")) -> NORMAL | H21: =SUMIF(production!C2:C21,A21,production!H2:H21) -> 109 | I21: =IF(AND(F21>1.1,J21>=1.1),"ALTO",IF(OR(F21>1,J21>=1.1),"ATENÇÃO","NORMAL")) -> NORMAL | J21: =H21/AVERAGE($H$12:$H$21) -> 0.99271403
